mysql> delimiter $$ 
mysql> create procedure list_names(inout name_list varchar(4000))
    -> begin
    -> declare is_done integer default 0;
    -> declare s_name varchar(100)default"";
    -> declare stud_cursor cursor for select Name from student;
    -> declare continue handler for not found set is_done = 1;
    -> open stud_cursor;
    -> get_list:LOOP
    -> fetch stud_cursor into s_name;
    -> if is_done=1 then
    -> leave get_list;
    -> end if;
    -> set name_list=concat(s_name,":",name_list);
    -> end loop get_list;
    -> close stud_cursor;
    -> end $$
Query OK, 0 rows affected (0.06 sec)

mysql> delimiter ;
mysql> set @name_list="";
Query OK, 0 rows affected (0.01 sec)
mysql> select * from student;
+---------+-------+------+
| roll_no | name  | age  |
+---------+-------+------+
|       1 | Arun  |   20 |
|       2 | Ammu  |   20 |
|       3 | Appu  |   21 |
|       4 | Rahul |   21 |
+---------+-------+------+
4 rows in set (0.00 sec)
mysql> call list_names(@name_list);
Query OK, 0 rows affected (0.03 sec)

mysql> select @name_list;
+-----------------------+
| @name_list            |
+-----------------------+
| Rahul:Appu:Ammu:Arun: |
+-----------------------+
1 row in set (0.00 sec)


