mysql> create table std1(
    -> studentID int primary key,
    -> name varchar(20),
    -> sub1 int,
    -> sub2 int,
    -> sub3 int,
    -> sub4 int,
    -> sub5 int,
    -> total int,
    -> per_marks int,
    -> grade varchar(20)
    -> );
Query OK, 0 rows affected (0.53 sec)

mysql> insert into std1(studentID,name,sub1,sub2,sub3,sub4,sub5)
    -> values
    -> (1,'student',0,0,0,0,0),
    -> (2,'student2',0,0,0,0,0);
Query OK, 2 rows affected (0.07 sec)
Records: 2  Duplicates: 0  Warnings: 0

mysql> select * from std1;
+-----------+----------+------+------+------+------+------+-------+-----------+-------+
| studentID | name     | sub1 | sub2 | sub3 | sub4 | sub5 | total | per_marks | grade |
+-----------+----------+------+------+------+------+------+-------+-----------+-------+
|         1 | student  |    0 |    0 |    0 |    0 |    0 |  NULL |      NULL | NULL  |
|         2 | student2 |    0 |    0 |    0 |    0 |    0 |  NULL |      NULL | NULL  |
+-----------+----------+------+------+------+------+------+-------+-----------+-------+
2 rows in set (0.01 sec)
mysql> delimiter //
mysql> create trigger std_before_update
    -> before update on std1
    -> for each row
    -> begin
    -> declare total_marks int;
    -> declare per_marks int;
    -> declare grade varchar(20);
    -> set total_marks = NEW.sub1 + NEW .sub2 + NEW.sub3 + NEW.sub4 + NEW.sub5;
    -> set per_marks = total_marks / 5;
    -> if per_marks >= 90 then
    -> set grade = 'EXCELLENT';
    -> elseif per_marks >= 75 and per_marks < 90 then
    -> set grade = 'VERY GOOD';
    -> elseif per_marks >= 60 and per_marks < 75 then
    -> set grade = 'GOOD';
    -> elseif per_marks >= 40 and per_marks < 60 then
    -> set grade = 'AVERAGE';
    -> else
    -> set grade='NOT PROMORTED';
    -> end if;
    -> set NEW.total=total_marks;
    -> set NEW.per_marks=per_marks;
    -> set NEW.grade=grade;
    -> end;
    -> //
Query OK, 0 rows affected (0.12 sec)

mysql> delimiter ;
mysql> update std1 set sub1 = 90,sub2 = 75,sub3 = 90,sub4 = 95,sub5 = 85 where studentID=1;
Query OK, 1 row affected (0.14 sec)
Rows matched: 1  Changed: 1  Warnings: 0

mysql> select * from std1;
+-----------+----------+------+------+------+------+------+-------+-----------+-----------+
| studentID | name     | sub1 | sub2 | sub3 | sub4 | sub5 | total | per_marks | grade     |
+-----------+----------+------+------+------+------+------+-------+-----------+-----------+
|         1 | student  |   90 |   75 |   90 |   95 |   85 |   435 |        87 | VERY GOOD |
|         2 | student2 |    0 |    0 |    0 |    0 |    0 |  NULL |      NULL | NULL      |
+-----------+----------+------+------+------+------+------+-------+-----------+-----------+
2 rows in set (0.00 sec)


